{
    "data":{
        "groups":[{
            "count":6,
            "start":0,
            "materialIndex":0
        }],
        "attributes":{
            "normal":{
                "itemSize":3,
                "type":"Float32Array",
                "array":[-5.30573e-06,0.286019,0.958224,-5.30573e-06,0.286019,0.958224,-5.30573e-06,0.286019,0.958224,-5.75299e-06,0.286018,0.958224,-5.75299e-06,0.286018,0.958224,-5.75299e-06,0.286018,0.958224]
            },
            "uv":{
                "itemSize":2,
                "type":"Float32Array",
                "array":[0.378467,0.171398,0.372059,0.468086,0.0322081,0.465025,0.0534188,0.165143,0.378467,0.171398,0.0322081,0.465025]
            },
            "position":{
                "itemSize":3,
                "type":"Float32Array",
                "array":[0.14519,0.589635,0.905168,0.145191,0.93138,0.803161,-0.148344,0.931378,0.803159,-0.148344,0.589634,0.905166,0.14519,0.589635,0.905168,-0.148344,0.931378,0.803159]
            }
        },
        "index":{
            "itemSize":1,
            "type":"Uint16Array",
            "array":[0,1,2,3,4,5]
        }
    },
    "metadata":{
        "type":"BufferGeometry",
        "version":3,
        "normal":6,
        "uv":6,
        "position":6,
        "generator":"io_three"
    }
}