{
    "metadata":{
        "version":3,
        "normal":443,
        "generator":"io_three",
        "position":443,
        "type":"BufferGeometry"
    },
    "data":{
        "attributes":{
            "normal":{
                "itemSize":3,
                "array":[-1.42108e-14,-1,1.19209e-07,-1.42108e-14,-1,1.19209e-07,-1.42108e-14,-1,1.19209e-07,-0,1,0,-0,1,0,-0,1,0,1,3.57628e-07,5.96046e-07,1,3.57628e-07,5.96046e-07,1,3.57628e-07,5.96046e-07,-4.76837e-07,2.38418e-07,1,-4.76837e-07,2.38418e-07,1,-4.76837e-07,2.38418e-07,1,-1,-1.19209e-07,-1.19209e-07,-1,-1.19209e-07,-1.19209e-07,-1,-1.19209e-07,-1.19209e-07,2.38419e-07,2.38419e-07,-1,2.38419e-07,2.38419e-07,-1,2.38419e-07,2.38419e-07,-1,2.38419e-07,2.38419e-07,-1,2.38419e-07,2.38419e-07,-1,2.38419e-07,2.38419e-07,-1,2.38419e-07,2.38419e-07,-1,2.38419e-07,2.38419e-07,-1,2.38419e-07,2.38419e-07,-1,3.57628e-07,2.38419e-07,-1,3.57628e-07,2.38419e-07,-1,3.57628e-07,2.38419e-07,-1,-1,-1.19209e-07,-2.38419e-07,-1,-1.19209e-07,-2.38419e-07,-1,-1.19209e-07,-2.38419e-07,-1,-1.19209e-07,-2.38419e-07,-1,-1.19209e-07,-2.38419e-07,-1,-1.19209e-07,-2.38419e-07,-1,-2.38419e-07,-2.38419e-07,-1,-2.38419e-07,-2.38419e-07,-1,-2.38419e-07,-2.38419e-07,-2.38419e-07,0,1,-2.38419e-07,0,1,-2.38419e-07,0,1,-2.38419e-07,-1.19209e-07,1,-2.38419e-07,-1.19209e-07,1,-2.38419e-07,-1.19209e-07,1,-4.76837e-07,-2.38419e-07,1,-4.76837e-07,-2.38419e-07,1,-4.76837e-07,-2.38419e-07,1,1,3.57628e-07,2.38419e-07,1,3.57628e-07,2.38419e-07,1,3.57628e-07,2.38419e-07,1,1.19209e-07,3.57628e-07,1,1.19209e-07,3.57628e-07,1,1.19209e-07,3.57628e-07,1,-1.39265e-13,7.15256e-07,1,-1.39265e-13,7.15256e-07,1,-1.39265e-13,7.15256e-07,-0,1,0,-0,1,0,-0,1,0,0,1,0,0,1,0,0,1,0,-0,1,0,-0,1,0,-0,1,0,0,-1,0,0,-1,0,0,-1,0,0,-1,0,0,-1,0,0,-1,0,-1.42109e-14,-1,1.19209e-07,-1.42109e-14,-1,1.19209e-07,-1.42109e-14,-1,1.19209e-07,0,-1,0,0,-1,0,0,-1,0,0,-1,0,0,-1,1.19209e-07,0,-1,1.19209e-07,0,-1,1.19209e-07,0,-1,0,0,-1,0,0,-1,0,0,-1,0,0,-1,0,0,-1,0,0,-1,0,0,1,0,3.55271e-14,1,-1.19209e-07,3.55271e-14,1,-1.19209e-07,3.55271e-14,1,-1.19209e-07,1.42109e-14,1,-1.19209e-07,1.42109e-14,1,-1.19209e-07,1.42109e-14,1,-1.19209e-07,0,1,0,0,1,0,4.26326e-14,1,-1.19209e-07,4.26326e-14,1,-1.19209e-07,4.26326e-14,1,-1.19209e-07,3.55271e-14,1,-1.19209e-07,3.55271e-14,1,-1.19209e-07,3.55271e-14,1,-1.19209e-07,0,1,0,0,1,0,0,1,0,1,1.19209e-07,4.76837e-07,1,1.19209e-07,4.76837e-07,1,1.19209e-07,4.76837e-07,1,-8.52651e-14,4.76837e-07,1,-8.52651e-14,4.76837e-07,1,-8.52651e-14,4.76837e-07,1,-2.38419e-07,4.76837e-07,1,-2.38419e-07,4.76837e-07,1,-2.38419e-07,4.76837e-07,1,-0,0,1,-0,0,1,-0,0,1,-5.68434e-14,2.38419e-07,1,-5.68434e-14,2.38419e-07,1,-5.68434e-14,2.38419e-07,1,-2.38419e-07,2.38419e-07,1,-2.38419e-07,2.38419e-07,1,-2.38419e-07,2.38419e-07,1,3.57628e-07,1.19209e-07,1,3.57628e-07,1.19209e-07,1,3.57628e-07,1.19209e-07,1,2.38419e-07,2.38419e-07,1,2.38419e-07,2.38419e-07,1,2.38419e-07,2.38419e-07,1,2.38418e-07,3.57628e-07,1,2.38418e-07,3.57628e-07,1,2.38418e-07,3.57628e-07,-4.76837e-07,-1.13687e-13,1,-4.76837e-07,-1.13687e-13,1,-4.76837e-07,-1.13687e-13,1,-4.76837e-07,-2.38419e-07,1,-4.76837e-07,-2.38419e-07,1,-4.76837e-07,-2.38419e-07,1,-4.76837e-07,-2.38419e-07,1,-4.76837e-07,-2.38419e-07,1,-4.76837e-07,-2.38419e-07,1,-1.19209e-07,-3.55271e-14,1,-1.19209e-07,-3.55271e-14,1,-1.19209e-07,-3.55271e-14,1,-2.38419e-07,-8.52651e-14,1,-2.38419e-07,-8.52651e-14,1,-2.38419e-07,-8.52651e-14,1,-2.38419e-07,-2.38419e-07,1,-2.38419e-07,-2.38419e-07,1,-2.38419e-07,-2.38419e-07,1,-2.38419e-07,2.38419e-07,1,-2.38419e-07,2.38419e-07,1,-2.38419e-07,2.38419e-07,1,-1.19209e-07,1.19209e-07,1,-1.19209e-07,1.19209e-07,1,-1.19209e-07,1.19209e-07,1,-2.38419e-07,0,1,-2.38419e-07,0,1,-2.38419e-07,0,1,-1,-1.42109e-14,-2.38419e-07,-1,-1.42109e-14,-2.38419e-07,-1,-1.42109e-14,-2.38419e-07,-1,-1.42109e-14,-2.38419e-07,-1,-2.38419e-07,-2.38419e-07,-1,-2.38419e-07,-2.38419e-07,-1,-2.38419e-07,-3.57628e-07,-1,-2.38419e-07,-3.57628e-07,-1,-2.38419e-07,-3.57628e-07,-1,-2.38419e-07,-2.38419e-07,-1,-2.38419e-07,-2.38419e-07,-1,-2.38419e-07,-2.38419e-07,-1,-1.42109e-14,-2.38419e-07,-1,-1.42109e-14,-2.38419e-07,-1,-1.42109e-14,-2.38419e-07,-1,-1.19209e-07,-2.38419e-07,-1,-1.19209e-07,-2.38419e-07,-1,-1.19209e-07,-2.38419e-07,-1,-1.19209e-07,-2.38419e-07,-1,-1.19209e-07,-2.38419e-07,-1,-1.19209e-07,-2.38419e-07,2.38419e-07,-1.42109e-14,-1,2.38419e-07,-1.42109e-14,-1,2.38419e-07,-1.42109e-14,-1,1.19209e-07,-1.42109e-14,-1,1.19209e-07,-1.42109e-14,-1,1.19209e-07,-1.42109e-14,-1,1.19209e-07,1.19209e-07,-1,1.19209e-07,1.19209e-07,-1,1.19209e-07,1.19209e-07,-1,2.38419e-07,1.19209e-07,-1,2.38419e-07,1.19209e-07,-1,2.38419e-07,1.19209e-07,-1,3.57628e-07,1.19209e-07,-1,3.57628e-07,1.19209e-07,-1,3.57628e-07,1.19209e-07,-1,3.57628e-07,2.38419e-07,-1,3.57628e-07,2.38419e-07,-1,3.57628e-07,2.38419e-07,-1,2.38419e-07,1.19209e-07,-1,2.38419e-07,1.19209e-07,-1,2.38419e-07,1.19209e-07,-1,2.38419e-07,1.19209e-07,-1,2.38419e-07,2.38419e-07,-1,2.38419e-07,1.42109e-14,-1,2.38419e-07,1.42109e-14,-1,2.38419e-07,1.42109e-14,-1,2.38419e-07,1.42109e-14,-1,2.38419e-07,2.38419e-07,-1,-1,-1.19209e-07,-1.19209e-07,-1,-1.19209e-07,-1.19209e-07,-1,-1.19209e-07,-1.19209e-07,-1,1.89462e-15,-1.19209e-07,-1,1.89462e-15,-1.19209e-07,-1,1.89462e-15,-1.19209e-07,-1,-2.38419e-07,-2.38419e-07,-1,-2.38419e-07,-2.38419e-07,-1,-2.38419e-07,-2.38419e-07,-3.57628e-07,1.19209e-07,1,-3.57628e-07,1.19209e-07,1,-3.57628e-07,1.19209e-07,1,-2.38419e-07,-5.68434e-14,1,-2.38419e-07,-5.68434e-14,1,-2.38419e-07,-5.68434e-14,1,-5.96047e-07,1.19209e-07,1,-5.96047e-07,1.19209e-07,1,-5.96047e-07,1.19209e-07,1,1,2.38418e-07,3.57628e-07,1,2.38418e-07,3.57628e-07,1,2.38418e-07,3.57628e-07,1,1.19209e-07,3.57628e-07,1,1.19209e-07,3.57628e-07,1,1.19209e-07,3.57628e-07,1,1.19209e-07,4.76837e-07,1,1.19209e-07,4.76837e-07,1,1.19209e-07,4.76837e-07,-0,1,0,0,-1,0,0,-1,0,0,-1,1.19209e-07,0,-1,1.19209e-07,0,-1,1.19209e-07,0,-1,1.19209e-07,0,-1,1.19209e-07,0,-1,1.19209e-07,1,1.19209e-07,3.57628e-07,1,1.19209e-07,3.57628e-07,1,1.19209e-07,3.57628e-07,-3.57628e-07,1.19209e-07,1,-3.57628e-07,1.19209e-07,1,-3.57628e-07,1.19209e-07,1,-1,-1.19209e-07,-1.19209e-07,-1,-1.19209e-07,-1.19209e-07,-1,-1.19209e-07,-1.19209e-07,2.38419e-07,2.38419e-07,-1,2.38419e-07,2.38419e-07,-1,2.38419e-07,2.38419e-07,-1,2.38419e-07,2.38419e-07,-1,2.38419e-07,2.38419e-07,-1,2.38419e-07,2.38419e-07,-1,2.38419e-07,2.38419e-07,-1,2.38419e-07,2.38419e-07,-1,2.38419e-07,2.38419e-07,-1,2.38419e-07,1.19209e-07,-1,2.38419e-07,1.19209e-07,-1,2.38419e-07,1.19209e-07,-1,-1,-1.19209e-07,-2.38419e-07,-1,-1.19209e-07,-2.38419e-07,-1,-1.19209e-07,-2.38419e-07,-1,-2.13163e-14,-3.57628e-07,-1,-2.13163e-14,-3.57628e-07,-1,-2.13163e-14,-3.57628e-07,-1,-2.38419e-07,-2.38419e-07,-1,-2.38419e-07,-2.38419e-07,-1,-2.38419e-07,-2.38419e-07,-2.38419e-07,0,1,-1.19209e-07,-2.38419e-07,1,-1.19209e-07,-2.38419e-07,1,-1.19209e-07,-2.38419e-07,1,-4.76837e-07,-2.38419e-07,1,-4.76837e-07,-2.38419e-07,1,-4.76837e-07,-2.38419e-07,1,1,2.38419e-07,1.19209e-07,1,2.38419e-07,1.19209e-07,1,2.38419e-07,1.19209e-07,1,-2.38419e-07,0,1,-2.38419e-07,0,1,-2.38419e-07,0,1,-2.38419e-07,4.76837e-07,-1.42109e-14,-1,1.19209e-07,-1.42109e-14,-1,1.19209e-07,-1.42109e-14,-1,1.19209e-07,-2.13163e-14,-1,1.19209e-07,-2.13163e-14,-1,1.19209e-07,-2.13163e-14,-1,1.19209e-07,0,-1,0,2.84217e-14,1,-1.19209e-07,2.84217e-14,1,-1.19209e-07,2.84217e-14,1,-1.19209e-07,4.9738e-14,1,-1.19209e-07,4.9738e-14,1,-1.19209e-07,4.9738e-14,1,-1.19209e-07,-0,1,0,4.26326e-14,1,-1.19209e-07,4.26326e-14,1,-1.19209e-07,4.26326e-14,1,-1.19209e-07,2.84217e-14,1,-1.19209e-07,2.84217e-14,1,-1.19209e-07,1,-6.39488e-14,3.57628e-07,1,-6.39488e-14,3.57628e-07,1,-6.39488e-14,3.57628e-07,1,-2.38419e-07,2.38419e-07,1,-2.38419e-07,2.38419e-07,1,-2.38419e-07,2.38419e-07,1,-2.38419e-07,4.76837e-07,1,-2.38419e-07,4.76837e-07,1,-2.38419e-07,4.76837e-07,1,0,0,1,-2.38419e-07,0,1,-2.38419e-07,0,1,-2.38419e-07,0,1,-2.38419e-07,2.38419e-07,1,-2.38419e-07,2.38419e-07,1,2.38419e-07,-1.42109e-14,1,2.38419e-07,-1.42109e-14,